titles,category
  비대위원장 막판 고심  투톱이냐 원톱이냐  의견 다양,Politics
박찬대  한덕수 권성동 을사오적과 다를 바 없어 ,Politics
민주  김문수 등  인  내란 선전  국수본 고발,Politics
헌법재판관 청문회    임명 절차적 문제 없어     추천 철회해야  종합 ,Politics
선관위   이재명 비판  현수막 게재 불허 섣부른 결정 조치 보류 ,Politics
합참  북한  조만간 극초음속 미사일 기습발사 가능성 ,Politics
 속보  정부  내란 김건희 특검법  내일 국무회의 상정 어렵다 ,Politics
민주당의 한덕수 흔들기  한손엔 정책협의 한손엔 탄핵압박,Politics
  두 체제  국정협의체 구성 의제 두고 여야 신경전,Politics
김동연  한덕수  내란특검 발효해야 드러나는 쿠데타 음모 끔찍 ,Politics
   비난 못참겠다  홍준표    에 신고  커뮤니티 글에 반응 엇갈려,Politics
 그래도 이재명은 안됩니다  정연욱  선관위의 현수막 불허조치 보류에  그럴 줄 알았다 ,Politics
 계엄이 곧 내란 아냐  내부 결속 다지는    이런정치 ,Politics
이재명 넣고 시작하는 여야정협의체       매일 본회의 에 의원들 출장 금지령도,Politics
 단독  김용현 신원식  월 한밤의 계엄 말다툼 윤  국군의 날에도 계엄 언급,Politics
   올해 운 트이니 놓치면 안 돼   안산 보살  노상원  김용현에게 한 조언 ,Politics
민주  특검법 거부 국무위원 전원 탄핵 ,Politics
조국혁신당  홍준표에  박정희 동상으로 대통령 된다는 망상 ,Politics
 측  수사보다 탄핵심판 우선돼야    답답하다 토로  종합 ,Politics
 김 여사 다녀갔나  누리꾼들  별점 테러  중인 성형외과,Politics
  김상욱     회식 때마다 폭탄주 의원들은 직언 대신 아첨만 ,Politics
유승민  보수 재건의 첫걸음은 반성  철저히 깨부수고 다시 시작해야 ,Politics
조기대선 몸풀기 들어간 보수 홍준표 이어 이준석도 출마 시사,Politics
   탄핵 절차 성급해선 안 돼     헌법재판관 청문회 건너뛰고 장외 여론전,Politics
대선 일정도 안 정해졌는데  이재명  강    김도 몸푼다,Politics
탄핵 심판 앞두고 헌재와 기싸움   윤 대통령   버티기  악수 될 수도,Politics
경찰   계엄 기획  노상원 수첩에 사살 표현 사실에 부합 ,Politics
     대행 탄핵  고리로 특검법 압박    탄핵 인질극  종합 ,Politics
 측   대통령  비상계엄 하나로 탄핵까지   답답하다  토로 ,Politics
헌법재판소    탄핵서류   일 우편 도달  송달 효력 발생 ,Politics
 대통령 권한대행 헌법재판관 임명불가  국민의힘  폭풍 여론전 ,Politics
  탄핵 압박 안 먹히자  국무회의 무력화  카드 꺼낸  ,Politics
    장관  명 탄핵  국무회의 무력화  위협    탄핵 인질극 ,Politics
 탄핵 데드라인  끌려가지 않겠다는  ,Politics
헌법재판관 청문회    임명 절차적 문제 없어     추천 철회해야  종합 ,Politics
정부  민주당 최후통첩 불응하기로  쌍특검법   일 상정 어렵다 ,Politics
조국 첫 옥중서신   은 괴물 온갖 법 기술 동원해 수사 왜곡 ,Politics
국민의힘 초선토론회   권한대행  헌법재판관 임명불가  여론전,Politics
국회 입법조사처  한덕수   총리 직무 로 탄핵하면 정족수는    명 ,Politics
민주당  정계선 헌법재판관 후보자에  고성 ,Politics
침몰하는   구원투수는     일 비대위원장 논의   안정형   또는  혁신형  주목,Politics
 여의뷰  여야 양쪽서 난타 한덕수가  헌법  꺼내든 이유,Politics
대선출마 시사한 이준석  단일화 없이 제 지대 당선  이준석 뿐 ,Politics
         에 전기철책 설치중 러에  자폭 드론  수출 동향도 ,Politics
 단독  노상원 라인  구삼회 앞세운 계엄사 비선조직 확인   부정선거론 확인 역할 부여,Politics
조국  쪽짜리 옥중 편지     은 괴물  극단적인 권력 사용 ,Politics
트럼프 만난 정용진  여러 주제   분 대화 ,Economic
녹색자금 못 받던 다회용기 세척기업 이제  친환경 투자  됩니다,Economic
청년     내집 없다      는  소득     만원 미만,Economic
홍해 못 가 희망봉 돌아가니        년 해상 운임 더 오른다 ,Economic
한강청  수변 덮개공원 안돼   압구정 등  만가구 재건축 직격탄,Economic
         할인해 준다더니 속았네  공정위  코레일에 시정명령,Economic
고려아연  주총 앞두고 표심 잡기  액분 이사 제한  추진,Economic
  정유 석화 수직통합     불과 업계 자율땐 골든타임 놓칠 수도,Economic
최 부총리  내년 성장 전망 하향 불가피  정부도   대로 낮춘다,Economic
최상목 경제부총리  전례없는 예산집행 속도전  정책효과 극대화 ,Economic
 치솟는  증시로   국장 탈출한 개미들  해외    올인,Economic
삼성 반도체 인재 뭉쳤다 초격차 회복 해법은  제품별 원팀 ,Economic
 다 같은 수출  아니다  킹달러에 웃는 종목 따로 있네 투자    ,Economic
  에 통째 넘어갈 판      조 시장  무관심한 한국 어쩌나,Economic
   선박법 수혜  조선  내년에도 순항 ,Economic
 은 버티기   는 올라타기 잘나가는         도  달랐다,Economic
포스코  개 계열사 대표 교체 실적 등 다중위기에 장인화 강수,Economic
 눈폭탄 에  보험 손해율     넘었다 보험료 인상  눈치보기 ,Economic
국산헬기  수리온  첫 수출       이라크와     억원 규모 계약,Economic
포스코 장인화호 첫 정기 임원인사 악재 속 임원 줄이고 세대교체,Economic
 밀어붙였지만     금감원  이수페타시스 유상증자 두 번째 반려,Economic
 하루  만원씩   년 상환  은행 팔 비틀어  천억 푼다,Economic
외환 금융시장 불안한데  기업은행 파업 연대 하겠다는 한은 노조,Economic
 단독 전력망 대란에 대학 데이터센터  공백 ,Economic
삼성증권  연평균 배당성향만     내년 밸류업 공시      제시하나,Economic
매서운  공세 삼성     대형 프리미엄     시장 공략 총력,Economic
트럼프 리스크 엎친데  니켈  추락  덮쳐   배터리 어쩌나,Economic
탄핵 서류  효력 발생   측  수사보다 심판 절차 우선 ,Economic
포스코  임원인사 철강 이차전지 사장 전격 교체,Economic
포스코홀딩스 이유경 경영지원팀장  그룹 최초 여성 부사장 승진,Economic
새 고객 찾아야 되는데 보조금 깎인 삼성 가성비 투자 ,Economic
     국산 헬기  수리온  첫 수출 이라크와     억 계약,Economic
오겜에 빠진 유통가  게임판 벌리고 한정판 굿즈로 찐팬몰이  현장르포 ,Economic
 탄핵 한파 도 못 식힌    억 이상 초고가 주택시장 열기,Economic
고려아연   이사 수 상한  및  액면분할  추진,Economic
고려아연 임시주총 한 달 앞  막판 승기 잡을 비장의 카드는,Economic
 연말 인사단행       조직 재편 사업경쟁력 강화 초점,Economic
위기의 포스코그룹  개 계열사     조기 교체,Economic
국산헬기 수리온 첫 수출      이라크와     억 규모 계약,Economic
     한앤컴퍼니에   스페셜티 지분     매각    조원 규모,Economic
면세점 특허수수료     인하 여행자 주류 병수 제한도 폐지,Economic
대출이자 연체 걱정되는 자영업자   상환 최대   년 늘려준다,Economic
소수주주 보호 안건 올린 고려아연 한달 뒤  주총 진검승부 ,Economic
포스코그룹 철강 이차전지 수장 교체  조직슬림화 세대교체  종합 ,Economic
함영주 이승열 강성묵 외부  인  하나금융 차기 회장 후보 선정,Economic
 공식 줄줄이 깨졌다  대반전 한국 주식 산 개미들만  굴욕 ,Economic
윤 대통령 측  공수처  차 출석요구서도 수취 거절,Social
 측  대통령  수사보다 탄핵심판이 우선이라고 생각 ,Social
경찰  계엄혐의 노상원 수첩     서 북한 공격 유도  표현 확인 ,Social
조국혁신당  홍준표에  박정희 동상으로 대통령 된다는 망상 ,Social
세 아이 둔   대 엄마  명에 새 삶 주고 하늘로,Social
 나 군 최초합격자 전원 장학금자연계열 수능 필수과목 폐지      정시   한양대 ,Social
광주시  광역자원회수시설 후보지  광산구 삼거동  선정,Social
경찰  수사관    명 사무실 출근 구체적 역할 설명 없어  해명,Social
오세훈   지하철 의인   명 만나  선한 영향력 귀감될 것 ,Social
이승환 구미 콘서트 대관 취소 구미시장  정치선동 자제서약 거부 ,Social
 속보  경찰  김용현  특별수사단 접견조사 서면진술 거부 ,Social
의 정갈등 공개토론회 무산    의협  교육부 복지부 국민의힘 무책임한 행태 유감 ,Social
경남 울산 유권자        윤석열  내란죄로 처벌해야 ,Social
요즘 여자애들은  트랙터 시위 폄하  경찰청 블라인드 글  뭇매 ,Social
검찰  여자친구 살해한 의대생  징역   년   심 판결에 불복 항소,Social
 측  비상계엄은 고뇌의 결과 인명사고 대충돌 난 것도 아냐 ,Social
 남태령 시위  비난 글에 경찰청장 대행  발본색원해 반드시 처벌 ,Social
 단독   중소기업 채권인데 연 수익률         명이     억어치 사기 당했다,Social
 씬속뉴스   비상계엄 선포  잘한 일일까   챗   에게 물었더니 순식간에 나온 답,Social
윤석열 쪽  엄연한 대통령인데  밀폐 공간에서 수사 받으라니 ,Social
경찰   내란 혐의  김용현 경찰 접견조사 서면진술 거부 ,Social
 단독   건진법사  유력 정치인들  스피커폰 통화 로 친분 과시   무속 이권 개입  수사 속도,Social
치매 걸린 건물주 시부 돌보는 며느리  시누이가      설치  감시하냐 ,Social
평균 소득  위  부자 동네  봤더니 연예인 재벌 몰린  이곳 ,Social
우종수 국수본부장  노상원 전 사령관 수첩에  사살  표현 있었다 ,Social
국가수사본부장   수거 대상  언급한 노상원 수첩에  사살  표현 ,Social
경찰  수사관   명 대기  경계 강화에 따른 것  체포조 의혹 선 그어,Social
경찰  방첩사 파견    명 명단 작성 실제로는 대기만 ,Social
윤석열  예수 에 빗대고  계엄 또 하면돼      극우  목사들의 문제적 발언,Social
학생 폭력 장면 방영한     미검증 홍삼 광고한      법정 제재,Social
석동현  윤 대통령은 수사보다 탄핵심판 절차 먼저라 생각 ,Social
계엄 문건 질문에 즉답 피한 최상목  수사기관에 물어야 ,Social
 부정선거 증명  김용현  선관위 서버 증거보전 신청 법원 기각,Social
   파트너스  외국인 투자 논란 속 의구심 커져,Social
법원  김용현  선관위 서버 증거보전 신청  기각,Social
정계선  계엄 당일  딥페이크라고 생각 국회 무력화 위헌 ,Social
김용현 전 장관  경찰 특수단 접견조사 거부    일괄 진술 거부 ,Social
 단독   석달만 맡겨도 고수익  투자금  천억 꿀꺽,Social
명태균 석방 기로 검찰 변호인  증거 인멸 진술 조작  여부 시각차 뚜렷,Social
 여친 살해  의대생 피해자 유족 측  강제 임신 시키려 했다   문자 공개,Social
삼성전자  반도체특별법    시간 적용 제외  어렵자  특별연장근로 완화 요구,Social
서울 한복판에 트랙터 소환한  양곡관리법     도대체 뭐길래  영상 ,Social
구두 수선비 모은 돼지 저금통 기부한 노부부   상금 받아 도울 곳부터 찾았다,Social
 단독  전남지역 국회의원 보좌관  뇌물 혐의  구속,Social
윤 대통령 탄핵 여파  이진숙 탄핵심판 변론 연기,Social
 단독  육아휴직 통계  더 촘촘해진다,Social
    급인데 몰라봤네  스트레이키즈  대기록 에 개미들  환호 ,Culture
   코리아        뉴              출시    마력 연비         ,Culture
올해 산타 선물은  동장군  맹추위에도  화이트 크리스마스 는 없다,Culture
코엑스  투란도트  연출가  개막 앞두고  내 작품 아냐  결별 선언 파문 종합 ,Culture
 오늘 아침도 강추위 경기 연천 철원 한파 경보 날씨 ,Culture
 공금으로 휴대전화 의류 구매  문체부 공무원 무더기 입건,Culture
 투란도트  파행 최재림 차지연 공연 중단 공연계 연말 대목  날벼락 ,Culture
  보톡스  중국 진출  잇단 제동에 경고등,Culture
좋대서 매일 한움큼씩 먹었는데 건기식 부작용 급증,Culture
 최고가    만원  사라진 내 자리  고성방가 오간 오페라  투란도트  무슨 일 ,Culture
 외로워서   연말  짧은 연애  급증   성병만 남기고 헤어져   가지 주의 ,Culture
 젓갈 등 짠 음식 좋아하는 당신  다 이유가 있었다 ,Culture
국산 간암 치료제  트럼프  기 정부 출범 득 볼까     허가 기대,Culture
 로봇수술  목 아닌 겨드랑이에 작은 구멍  흉터 최소화 ,Culture
 내일날씨 크리스마스 이브도 맹추위 강풍에 체감온도  뚝 ,Culture
 투란도트  파행 최재림 차지연 공연 중단 공연계 연말 대목  날벼락 ,Culture
주윤발  새벽마다 홍콩거리 돌아다니며 한 일이 ,Culture
가수 이승환  정치적 발언 자제 서약서 날인 안 했다고 구미시가 공연장 대관 취소 ,Culture
  내수침체에 수입차 판매도  휘청 ,Culture
  혼다 닛산  합병 추진 공식 선언,Culture
혼다 닛산 합병 공식화 세계  위 자동차업체로  도약 ,Culture
   만원 케이크  어떤 맛  극과 극  크리스마스  소비 열전,Culture
  리포트  오페라 투란도트 개막부터 파행,Culture
 비타민   노년기 근감소증 예방에 운동과 비슷한 효과 ,Culture
  역대 대통령 분석해보니 최악의 영부인은 멜라니아 트럼프,Culture
 날씨  연천 양구 철원 내일 아침     도  동해안 건조,Culture
큐로셀  국산  호       치료제 내년 출시  주내 투약 가능 ,Culture
 세기의 오페라 라더니 뚜껑 열어보니 총체적 난국,Culture
성탄 전날 전국 한파 강원 아침    도 맹추위,Culture
 날씨  내일 아침도 강추위 동해안 수일째 건조특보,Culture
   만 유튜버 는 얼마 벌까   광고 안 하면 적자 ,Culture
 쪽대본 사라졌다  넷플릭스  년이 한국 콘텐츠 생태계에 남긴 것,Culture
온코닉테라퓨틱스        신약  자스타프라잔    임상  상 진입,Culture
 외식 없이 못살아  값비싼 식당 대신 배달 테이크아웃  좋아요 ,Culture
 날씨  내일 서울 아침 영하  도 성탄절까지 강추위,Culture
 독자산행기  부모님의 끈기에 놀란 무척산 등산,Culture
 독자산행기  백발이 된 친구들과 오대산 산행,Culture
이현이  부부싸움 중 잠들어     희귀 난치병  이것  앓는다는데  뭐길래 ,Culture
 커피 차 섭취  두경부암 예방에 효과 ,Culture
크리스마스 앞두고 닥친 한파에  이 질환  유의해야,Culture
연출가 하차 진행 미숙 총체적 난국  투란도트 ,Culture
 측  비상계엄 하나로 수사에 탄핵    답답하다 토로 ,Culture
 몸짱 되려  이것  사용했다가  고환 작아진다     의사 경고  심장마비 위험도,Culture
트럼프  우크라  빨리 끝내야  임기 초기 푸틴과의 만남 시사,World
트럼프  또  그린란드 사겠다  눈독,World
시리아 정상국가화 안간힘 서방  반군과 협력 저울질,World
독일 성탄마켓에 차량 돌진 용의자는 사우디 출신 의사,World
트럼프 경제자문위원장에 스티븐 미런 전 재무부 경제정책고문,World
계엄공백 메우기   외교차관      방문,World
  탄핵 시위  이렇게 즐거워도 되나       한국  패러디 깃발  조명,World
필리핀  미국 타이폰 미사일체계 도입키로 중국  도발 행동 ,World
트럼프  취임 첫날  트랜스젠더 추방 행정명령에 사인할 것   현장영상 ,World
  전 국민 틱톡 사용 금지  알바니아 충격요법  왜              ,World
  혼다 닛산  합병 추진 공식 발표      년  월 지주사 설립  종합 ,World
파나마운하 환수 이어  그린란드도 소유해야 ,World
 방산 과점 깨지나   팰런티어 컨소 추진,World
말레이의  태국 전 총리 기용 에 미얀마 저항 세력이 반발한 까닭은,World
  중고차 전성시대 애프터마켓 폭풍성장,World
가스비 폭등 쪼개진 유럽,World
 국방차관 지명  콜비 과거 한국 발언 눈길 당시에도  비판 우려 ,World
파나마운하가 뭐길래 트럼프  주인 행세 에 외교문제 비화,World
  단기국채     금리  붕괴  일본식 장기불황 우려 커졌다,World
트럼프  국방부 정책차관에 콜비 지명 주한미군 철수 현실화하나,World
관세 무기화 이어 우방국 주권 위협 거침 없는    우선주의 ,World
 트럼프 관세부터 비트코인 급등까지  올 한해 설명하는  가지 이슈는 ,World
 내년 소행성 샘플 수집  중국  우주 굴기  가속화한다,World
    러시아 수출 위해 무기공장 풀가동 ,World
  혼다 닛산  합병 추진 공식 발표      년  월 지주사 설립 ,World
트럼프  또  그린란드 사겠다  눈독,World
필리핀    타이폰 미사일체계 도입키로    도발 위험 행동 ,World
필리핀  중국 견제  타이폰 도입    대립 조장 위험한 행동  상보 ,World
트럼프   에  바가지   운하 반환 경고에 파나마  우리 것 양보 못 해 ,World
 비트코인의 새로운 위협  양자컴퓨터 해킹 ,World
   명 사라진  최악의 미스터리  말레이    년 전 실종된 여객기 다시 찾는다,World
어쩐지 다이아몬드값 떨어진다 했는데 중국서 이런 일 때문에,World
일본  반도체 배터리 수급 문제 발생 땐 국가가 공장 인수해 비상 상황 해결 ,World
혼다 닛산  합병 논의 본격화 경영 주도권은 혼다가 갖기로,World
파나마 운하 나토 국방비 트럼프  전방위 협박 ,World
양자컴 해킹 우려  수조달러 손실  경고도,World
                   샤오미 화웨이도 뛰어든다     휴머노이드 로봇  각축전 ,World
 영상    밤하늘 수놓은  유성 폭발  알고보니 추락한   인공위성,World
 인도계 민주당은 옛말  트럼프  기 행정부서  인도계 부상 ,World
 비트코인 랠리에 예상 못한 위험 양자컴퓨팅 해킹 ,World
트럼프  이번엔  그린란드 소유해야  캐나다   번째 주 이어 논란,World
     북한  러시아에 무기 주려    개 군수 공장 풀가동 ,World
     비트코인 랠리에 예상못한 위험 양자컴퓨터 해킹 ,World
진심이냐 허세냐 파나마 운하 반환 등 트럼프 도발 현실성은,World
        무기공장    곳 풀가동해 러시아에 수출 ,World
대중 집회 복귀한 트럼프    분 내내 거짓 주장  자화자찬  반대편 공격,World
     서비스 콘텐츠 만족도    유플러스        순,IT
유상임 장관  통신비 경감 종합 대책  새해 초 나온다 ,IT
  텔레콤          서 혁신적인    미래기술 선보인다,IT
  재단  구두 수선비 모아 기부한 김주술 최영심 부부에  나눔인상  수여,IT
 오픈    새 모델 개발 지연 학습에 필요한 데이터 등 한계 ,IT
     올해 신규 스트리머    만 전년      ,IT
한국전자통신연구원  메모리 요구량 줄인 양자 에뮬레이터 개발,IT
유상임 과기장관  비상계엄 동의 어려웠다 꼭 이 방법밖에 없었나 생각 ,IT
고려아연  임시주총 안건 확정  이사 수 제한하고 집행임원제 수용 ,IT
 파월 쇼크 에  가상자산 다시 찬바람,IT
   비트코인 초강대국 속도       등 스테이블코인 주목,IT
     특실     할인  믿고 예매했더니 특정 상품만 할인,IT
장인화  첫 인사 임원     줄였다,IT
대기중 탄소포집 투자 확대  아직 유의미한 효과 없어 ,IT
  바사   사노피와  차세대 폐렴백신  개발,IT
출장비 절감에 화상회의까지     배터리  허리띠 졸라맨다,IT
바이오시밀러 승인 속도전 셀트리온  품목수   개 돌파,IT
유상임 장관  추경 한다면   분야에       중요성 강조,IT
탈중앙화 인터넷 시대 열리나 스페이스코인  첫 인공위성 발사 성공,IT
  반도체 보조금    조원 확정받은 삼성     다음 과제는,IT
   퇴근길    반도체 보조금 깎인  삼성  트럼프 만난  용진이형 ,IT
내년도 공공   사업대가 어떻게      클라우드 맞춤 산정체계 마련 ,IT
유상임    규제 최소화 추경편성시   에 집중 ,IT
 맛보기는 끝     스타트업도 속속 유료화,IT
애플  스마트 도어벨 출시 예정  아마존 구글과 경쟁,IT
 엔비디아  대만에  실리콘밸리 본사 규모  지사 짓는다 ,IT
 에 뺏긴  인도 스마트폰  위  신형 갤럭시 로 탈환 나선다,IT
   한국  중국산 전기차에 관세 물리면 손해볼 것 ,IT
아이폰 안 팔려  애플의 믿을 구석  페이 클라우드 급성장 ,IT
환율     원 시대 개막  당분간 고환율 유지 ,IT
  층 건물만한  크리스마스 소행성  지구로 돌진 충돌 가능성은  핵잼 사이언스 ,IT
오겜 시즌      넷플릭스    콘텐츠 투자 축소 사실무근   정지은의 산업노트 ,IT
의료개혁 비상진료대책으로 건보 재정 고갈 속도 빨라진다,IT
화재난   에너지 울산공장  일주일 가동 중단,IT
 지금 상황 아쉬움 크다  여의도 향한 장관의  일침  왜 ,IT
      소프고 제재 화웨이 대신      거래 ,IT
방심위  홍삼 상품 과도하게 노출한     뉴스에 법정제재,IT
유상임 과기부 장관       비상계엄에  동의 어려웠다 ,IT
 조선소를 잡아라     레인보우로보틱스 뉴로메카  각축전 ,IT
 정시 이월중단       모집정지  의정갈등 해법일까  혼란일까,IT
 갤럭시    슬림 두께는     대    애플과 두께 경쟁,IT
     퀄컴과 라이선스 소송서 판정패    영향력 축소 불가피,IT
    뿐 아니라 데이터도 부족     진화  경고등 ,IT
위기의 석유화학 구하기 결정적 한방은 부족,IT
